"tweet","time","tweeter","number_of_retweets","number_of_favourites""b'If Iran is able to turn over to the U.S. kidnapped former FBI Agent Robert A. Levinson, who has been missing in Ira\xe2\x80\xa6 https://t.co/NFxR4gJCei'",2019-11-11 02:25:09,realDonaldTrump,18773,75052
b'https://t.co/9mYIafMb9y',2019-11-11 02:08:36,realDonaldTrump,10193,34706
b'https://t.co/fRBs5FExir',2019-11-11 01:55:45,realDonaldTrump,11069,37481
b'https://t.co/YuljikAYZT',2019-11-11 01:54:46,realDonaldTrump,10345,32139
"b'RT @realDonaldTrump: Just finished reading my son Donald\xe2\x80\x99s just out new book, \xe2\x80\x9cTriggered.\xe2\x80\x9d It is really good! He, along with many of us, wa\xe2\x80\xa6'",2019-11-11 01:51:16,realDonaldTrump,31807,0
"b""RT @WhiteHouse: With President @realDonaldTrump's signature on the National POW-MIA Act, the POW/MIA flag will now be flown with the Americ\xe2\x80\xa6""",2019-11-11 01:44:02,realDonaldTrump,16388,0
b'RT @RepLeeZeldin: The \xe2\x80\x9cwhistleblower\xe2\x80\x9d &amp; all of his supposed sources should testify &amp; answer GOP questions. Schiff blocking this would signa\xe2\x80\xa6',2019-11-11 01:43:52,realDonaldTrump,12715,0
"b'RT @RepMarkMeadows: If Chairman Adam Schiff and Democrats are denying GOP impeachment witnesses to prevent a \xe2\x80\x9csham process,\xe2\x80\x9d they\xe2\x80\x99re certai\xe2\x80\xa6'",2019-11-11 01:30:35,realDonaldTrump,15455,0
"b'RT @RepLeeZeldin: The Dems aren\xe2\x80\x99t just ripping our country in half w/this impeachment charade, they\xe2\x80\x99re also willingly setting fire to our a\xe2\x80\xa6'",2019-11-11 01:29:45,realDonaldTrump,6836,0
"b'.@NikkiHaley is out with a new book, \xe2\x80\x9cWith All Due Respect\xe2\x80\x9d this week. Make sure you order your copy today, or stop\xe2\x80\xa6 https://t.co/d3yP7NvADa'",2019-11-10 23:02:52,realDonaldTrump,13092,54855
b'The call to the Ukrainian President was PERFECT. Read the Transcript! There was NOTHING said that was in any way wr\xe2\x80\xa6 https://t.co/IWA4i7OknP',2019-11-10 19:43:31,realDonaldTrump,22836,97512
b'\xe2\x80\x9cThere\xe2\x80\x99s nothing there! I\xe2\x80\x99m trying to let the House know that they\xe2\x80\x99re dividing America for no good reason. We\xe2\x80\x99ve go\xe2\x80\xa6 https://t.co/WdfWv4RAEW',2019-11-10 19:06:15,realDonaldTrump,19794,73533
b'Corrupt politician Adam Schiff wants people from the White House to testify in his and Pelosi\xe2\x80\x99s disgraceful Witch H\xe2\x80\xa6 https://t.co/ORysYAdTUI',2019-11-10 18:58:14,realDonaldTrump,27576,95538
"b'RT @USMC: #HappyBirthdayMarines!\n\nToday, we celebrate our heritage and honor the sacrifices of those who fought before us. https://t.co/1ob\xe2\x80\xa6'",2019-11-10 17:21:54,realDonaldTrump,23299,0
b'ABC is as bad as the rest of them. Journalistic standards are nonexistent today. The press is so dishonest that we\xe2\x80\xa6 https://t.co/1nHIYwdoL7',2019-11-10 16:12:36,realDonaldTrump,30555,95777
"b'RT @DeptofDefense: Happy 244th birthday \xf0\x9f\x8e\x82 to the most powerful fighting force on the planet, the @USMC!\n#HappyBirthdayMarines https://t.co/\xe2\x80\xa6'",2019-11-10 16:07:33,realDonaldTrump,14057,0
b'RT @TVNewsHQ: WATCH @JesseBWatters on Epstein: \xe2\x80\x9cWatters World is calling for an independent investigation into ABC News... The media wants\xe2\x80\xa6',2019-11-10 16:07:23,realDonaldTrump,10068,0
b'Make America Great Again! https://t.co/ffS9kLtjxE',2019-11-10 03:59:10,realDonaldTrump,21419,78234
b'Such an amazing game &amp; place! https://t.co/dGmXYxgKV5',2019-11-10 03:49:14,realDonaldTrump,19183,92941
b'https://t.co/KkZEHQMf8W https://t.co/DWb93QBKjB',2019-11-10 02:43:40,realDonaldTrump,14533,74226
"b'RT @GreggJarrett: Concerns, Opinions, and Hearsay Are Not Evidence https://t.co/9k4m9iJSjk https://t.co/fLXvcF1ETg'",2019-11-10 02:28:21,realDonaldTrump,9086,0
b'RT @GreggJarrett: Here\xe2\x80\x99s Why The Justice Department Must Investigate Joe Biden\xe2\x80\x99s \xe2\x80\x9cQuid Pro Quo\xe2\x80\x9d https://t.co/EknlC5mWnX',2019-11-10 02:27:38,realDonaldTrump,9584,0
b'RT @GreggJarrett: President Trump To Kick Off NYC 100th Veterans Day Parade https://t.co/skSUgkyCqB https://t.co/igLzBqSNXH',2019-11-10 02:27:23,realDonaldTrump,6861,0
b'RT @GreggJarrett: There is no whistleblower statute that permits an unelected and inferior federal employee to blow the whistle on the pres\xe2\x80\xa6',2019-11-10 02:27:15,realDonaldTrump,8163,0
"b'RT @GreggJarrett: Gregg unravels the coordinated, premeditated plot to impeach @realDonaldTrump #WitchHunt https://t.co/BDOQ4WM4sK https://\xe2\x80\xa6'",2019-11-10 02:27:01,realDonaldTrump,5769,0
b'RT @GreggJarrett: The \xe2\x80\x9cWhistleblower\xe2\x80\x99s\xe2\x80\x9d Right to \xe2\x80\x9cAnonymity\xe2\x80\x9d is a Myth https://t.co/qJEfr0BmmG https://t.co/oYBYLvgWVc',2019-11-10 02:26:56,realDonaldTrump,6822,0
b'RT @GreggJarrett: Adam Schiff Sits on a Throne of Lies https://t.co/zsv8kBDzOq https://t.co/utjfYOmUTg',2019-11-10 02:26:38,realDonaldTrump,6638,0
"b'RT @GreggJarrett: Gregg Jarrett Unravels the Coordinated, Premeditated Plot to Impeach Trump https://t.co/BDOQ4WM4sK'",2019-11-10 02:26:22,realDonaldTrump,8660,0
b'RT @AndrewPollackFL: A couple people boo President Trump at the Nationals game in DC:\n\nMedia: BREAKING NEWS\n\nThe entire stadium cheering fo\xe2\x80\xa6',2019-11-10 02:17:03,realDonaldTrump,40738,0
"b'RT @realDonaldTrump: But the Witch Hunt continues. After 3 years of relentless attacks against the Republican Party &amp; me, the Do Nothing De\xe2\x80\xa6'",2019-11-10 02:13:07,realDonaldTrump,16170,0
b'RT @realDonaldTrump: PRESIDENTIAL HARASSMENT!',2019-11-10 02:12:21,realDonaldTrump,25437,0
b'RT @realDonaldTrump: ....Whatever happened to the so-called \xe2\x80\x9cinformer\xe2\x80\x9d to Whistleblower #1? Seems to have disappeared after I released the\xe2\x80\xa6',2019-11-10 02:12:17,realDonaldTrump,18577,0
"b'RT @realDonaldTrump: I recommend that Nervous Nancy Pelosi (who backed up Schiff\xe2\x80\x99s lie), Shifty Adam Schiff, Sleepy Joe Biden, the Whistleb\xe2\x80\xa6'",2019-11-10 02:12:14,realDonaldTrump,25027,0
b'\xe2\x80\x9cHe is not a Whistleblower. He is a deepstater. Let the President do the job he was elected to do.\xe2\x80\x9d @JudgeJeanine',2019-11-10 02:10:33,realDonaldTrump,16132,65983
b'Such GREAT people! https://t.co/y5IgJXXfXf',2019-11-10 01:56:41,realDonaldTrump,12454,60728
"b'RT @GOPChairwoman: We know Adam Schiff coordinated with the whistleblower, then lied about it.\n \nBut now we have learned ANOTHER Democrat s\xe2\x80\xa6'",2019-11-10 01:49:46,realDonaldTrump,12247,0
b'RT @GOP: The Trump Campaign just launched \xe2\x80\x9cVeterans for Trump.\xe2\x80\x9d \n \n@realDonaldTrump is delivering for veterans:\n*Signed Veterans Accountabi\xe2\x80\xa6',2019-11-10 01:49:26,realDonaldTrump,7340,0
"b'RT @GOPChairwoman: Must read op-ed by @RepMikeRogersAL, @RepAdrianSmith, @RepWalberg, @RepAnnWagner, @RepRossSpano, &amp; @RepDanBishop:\n \nDemo\xe2\x80\xa6'",2019-11-10 01:49:10,realDonaldTrump,5093,0
b'RT @GOPChairwoman: Kamala taking a page out of Hillary\xe2\x80\x99s book.\n\n2020 Democrats want to destroy millions of American jobs in the fossil fuel\xe2\x80\xa6',2019-11-10 01:48:53,realDonaldTrump,4904,0
"b'RT @GOPChairwoman: If Adam Schiff blocks these witness from testifying, it will be further proof that this is a partisan political vendetta\xe2\x80\xa6'",2019-11-10 01:48:32,realDonaldTrump,8283,0
"b'RT @GOPChairwoman: Things Democrats did this week: Sham impeachment proceedings.\n\nThings they didn\xe2\x80\x99t: Ratify #USMCA, fund the troops, lower\xe2\x80\xa6'",2019-11-10 01:48:17,realDonaldTrump,7307,0
"b'95% Approval Rate in the Republican Party, a record! Thank you!'",2019-11-23 22:57:15,realDonaldTrump,26241,139161
b'Thank you Kevin for the nice words! https://t.co/DfY1V38EhD',2019-11-23 22:37:34,realDonaldTrump,8495,37897
b'NEW YORK POST EDITORIAL. \xe2\x80\x9cWorse Than Pointless. All those hours of televised testimony plainly failed on their anno\xe2\x80\xa6 https://t.co/1XAuOFHyVk',2019-11-23 19:52:49,realDonaldTrump,17371,65194
"b'Daniel Cameron, who just won the A.G. race in the Great Commonwealth of Kentucky, is a young and very talented poli\xe2\x80\xa6 https://t.co/l6Nw61LPHy'",2019-11-23 17:18:00,realDonaldTrump,12544,55237
"b'\xe2\x80\x9cThe Democrats dirty tricks have started this whole thing. The Whistleblower, the guy who took his case to Schiff\xe2\x80\x99s\xe2\x80\xa6 https://t.co/ufbUmLQFvs'",2019-11-23 17:05:44,realDonaldTrump,19629,66577
"b'Joe Concha, The Hill: \xe2\x80\x9cIn Emerson College Poll, Impeachment among independents, 49% Oppose, 34% Support. You see wh\xe2\x80\xa6 https://t.co/bocPR9Om0g'",2019-11-23 16:25:37,realDonaldTrump,19653,72074
"b'Adam Schiff will be compelled to testify should the Democrats decide, despite the fact that my presidential convers\xe2\x80\xa6 https://t.co/bD2rqpRbSx'",2019-11-23 15:17:06,realDonaldTrump,24749,102464
b'\xe2\x80\x9cThe support for Impeachment is not there. I think the Democrats will have to come up with a new game plan.\xe2\x80\x9d @jasoninthehouse @FoxNews',2019-11-23 02:28:48,realDonaldTrump,20770,93409
"b""RT @ByronYork: Schiff says when Republicans use phrase 'Russia hoax,' they are denying Russian interference. Untrue. Obvious fact: When Rep\xe2\x80\xa6""",2019-11-23 01:26:22,realDonaldTrump,14219,0
b'RT @RepMarkMeadows: Potentially huge. Stay tuned... \n\n\xe2\x80\x9cHorowitz reportedly finds evidence FBI lawyer falsified FISA doc\xe2\x80\x9d\nhttps://t.co/RzSF3\xe2\x80\xa6',2019-11-23 01:25:40,realDonaldTrump,14774,0
"b""RT @Jim_Jordan: \xe2\x80\x9cJim Jordan says facts are on Trump's side after week of public impeachment hearings\xe2\x80\x9d\n\n@BretBaier https://t.co/gBPNYvYPjW""",2019-11-23 01:25:28,realDonaldTrump,11237,0
"b'RT @RepMarkMeadows: Wow - Impeachment way under water with independents. 49% oppose, only 34% support.\n\nThe American people see through thi\xe2\x80\xa6'",2019-11-23 01:25:17,realDonaldTrump,15342,0
b'https://t.co/Mn4EJ7Jbh8',2019-11-22 23:55:37,realDonaldTrump,32093,105144
b'.@SecAzar and I will soon release a plan to let Florida and other States import prescription drugs that are MUCH CH\xe2\x80\xa6 https://t.co/KUCvUfA3JU',2019-11-22 19:04:34,realDonaldTrump,20195,76179
b'Thank you to @senatemajldr Mitch McConnell and @GOPLeader Kevin McCarthy for their Great Leadership! There has neve\xe2\x80\xa6 https://t.co/4armKSJjEo',2019-11-22 18:53:37,realDonaldTrump,17998,74674
"b'RT @realDonaldTrump: SCHIFF\'S ""FACT"" WITNESSES! https://t.co/Pab2y1BVoN'",2019-11-22 16:34:33,realDonaldTrump,43706,0
"b'I will be interviewed on @foxandfriends this morning at 8:00 A.M. I know that there\xe2\x80\x99s not much to talk about, but w\xe2\x80\xa6 https://t.co/m84uCLYbSw'",2019-11-22 12:13:39,realDonaldTrump,13299,67231
"b'\xe2\x80\x9cFormer FBI Employee Accused of Altering FISA Documents.\xe2\x80\x9d Hello, here we go! @foxandfriends'",2019-11-22 12:05:23,realDonaldTrump,32650,115217
b'RT @EliseStefanik: We just raised 250k in 15 MINUTES. THANK YOU! help us get to 500k TONIGHT go to https://t.co/LDFwTKSRnY to join the figh\xe2\x80\xa6',2019-11-22 05:32:17,realDonaldTrump,18640,0
b'RT @EliseStefanik: Bottom line: Adam Schiff failed to bring ANY evidence for impeaching @realDonaldTrump. WATCH me on @seanhannity tonight\xf0\x9f\x91\x87\xe2\x80\xa6',2019-11-22 05:32:02,realDonaldTrump,13363,0
b'RT @EliseStefanik: Today we heard from Amb. Sondland that @realdonaldtrump told him: \xe2\x80\x9cNo quid pro quo. I want nothing.\xe2\x80\x9d \n\nNo evidence of im\xe2\x80\xa6',2019-11-22 05:31:16,realDonaldTrump,22461,0
"b'RT @GOPChairwoman: Reminder for Democrats crying crocodile tears about a brief halt in aid:\n\nIn 2014, Ukraine\xe2\x80\x99s president went before Congr\xe2\x80\xa6'",2019-11-22 05:29:26,realDonaldTrump,17129,0
b'RT @GOPChairwoman: Public polls are matching what we\xe2\x80\x99ve seen in our internals:\n\n@realDonaldTrump\xe2\x80\x99s approval is the highest it\xe2\x80\x99s been since\xe2\x80\xa6',2019-11-22 05:29:02,realDonaldTrump,16623,0
"b'RT @seanhannity: .@realDonaldTrump: ""It\xe2\x80\x99s a hoax. It\xe2\x80\x99s a disgrace. It\xe2\x80\x99s an embarrassment to our country. Nancy Pelosi has done a terrible j\xe2\x80\xa6'",2019-11-22 05:25:36,realDonaldTrump,8212,0
"b""RT @JesseBWatters: The hoax is OVER. It's done. They tried and failed. They didn't have one witness to testify that President @realdonaldtr\xe2\x80\xa6""",2019-11-22 05:24:58,realDonaldTrump,23018,0
b'RT @GeraldoRivera: Re #CollusionHoax it\xe2\x80\x99s not @realDonaldTrump denying #Russia interfered w our 2016 election. It\xe2\x80\x99s Democrats &amp; house media\xe2\x80\xa6',2019-11-22 05:24:01,realDonaldTrump,11177,0
b'RT @parscale: Adam Schiff is running the Democrat sham impeachment but now it\xe2\x80\x99s time you got your say!\n\nBULL-SCHIFF!\n\nGet your 100% cotton\xe2\x80\xa6',2019-11-22 05:23:25,realDonaldTrump,8551,0
"b'RT @TeamTrump: In 2016, President @realDonaldTrump asked African Americans, \xe2\x80\x9cWhat do you have to lose?\xe2\x80\x9d\n\nIn 2020, it is now \xe2\x80\x9cimagine all th\xe2\x80\xa6'",2019-11-22 05:22:06,realDonaldTrump,8626,0
b'RT @GOPChairwoman: House Democrats have been trying to invalidate the will of the American people since Day 1.\n \nWe won\xe2\x80\x99t let them take awa\xe2\x80\xa6',2019-11-22 05:21:51,realDonaldTrump,8223,0
"b'RT @GeraldoRivera: And so it begins. If #CNN exclusive is confirmed, big trouble at the #FBI Allegation according to @evanperez their excel\xe2\x80\xa6'",2019-11-22 05:21:36,realDonaldTrump,9072,0
b'RT @TeamTrump: .@LaraLeaTrump and @parscale bring Team Trump to Oregon and Arizona to rally supporters!\n\nArizona is ready to stay red in 20\xe2\x80\xa6',2019-11-22 05:20:21,realDonaldTrump,5257,0
b'https://t.co/h92LyjD0Eh',2019-11-22 04:36:49,realDonaldTrump,9196,29721
"b'Thank you @EliseStefanik and @SteveScalise, GREAT JOB! https://t.co/K8qQbCAXbj'",2019-11-22 04:09:52,realDonaldTrump,12290,42020
b'https://t.co/HvYx12NUkS',2019-11-22 04:04:59,realDonaldTrump,16523,50277
b'MARK LEVIN ON IMPEACHMENT HYSTERIA! https://t.co/sFT4qGqajO',2019-11-22 04:00:48,realDonaldTrump,13840,39507
b'RT @MariaBartiromo: https://t.co/0C9RAE0ALX join me for my exclusive tomorrow w @carterwpage @MorningsMaria @FoxBusiness 6-9am et. Find out\xe2\x80\xa6',2019-11-22 03:54:03,realDonaldTrump,9670,0
"b'""SCHIFF\'S CHARADE"" @SeanHannity https://t.co/Go2HsiEyTT'",2019-11-22 03:39:44,realDonaldTrump,11000,34703
"b'SCHIFF\'S ""FACT"" WITNESSES! https://t.co/Pab2y1BVoN'",2019-11-22 02:35:31,realDonaldTrump,43706,115853
"b'RT @senatemajldr: Every time the Trump administration meets Speaker Pelosi halfway on the USMCA, she tries to move the goalposts. The Speak\xe2\x80\xa6'",2019-11-21 20:51:11,realDonaldTrump,20109,0
b'RT @GOPLeader: .@RepStefanik just called out Democrats for their lies about Republican support in holding Russia accountable for election m\xe2\x80\xa6',2019-11-21 20:51:09,realDonaldTrump,15475,0
"b""RT @GOPoversight: The American people expect fairness. @RepAdamSchiff's #impeachmentcircus has been anything but fair.\n\nThankfully, this ci\xe2\x80\xa6""",2019-11-21 20:33:08,realDonaldTrump,9417,0
b'RT @Jim_Jordan: 13 conversations that Ambassador Taylor remembered.\n\nBut he didn\xe2\x80\x99t remember Mr. Holmes briefing him about a call that was \xe2\x80\x9c\xe2\x80\xa6',2019-11-21 19:52:33,realDonaldTrump,20626,0
"b""RT @RepDougCollins: When you're trying to overturn 63 million votes and take down a sitting president, you better come up with something mo\xe2\x80\xa6""",2019-11-21 19:52:18,realDonaldTrump,16092,0
b'RT @GOPoversight: Democrats have brought in numerous witnesses to testify about matters completely unrelated to the heart of their impeachm\xe2\x80\xa6',2019-11-21 19:52:14,realDonaldTrump,7906,0
b'RT @RepAndyBiggsAZ: This was an enlightening exchange btw HOLMES &amp; @RepRatcliffe:\n\nHolmes could hear the Ukraine portion of the call btw Tr\xe2\x80\xa6',2019-11-21 19:52:10,realDonaldTrump,10126,0
b'RT @RepMarkMeadows: A notable theme in these hearings: some career officials seem to act as though their job is to decide America\xe2\x80\x99s foreign\xe2\x80\xa6',2019-11-21 17:59:11,realDonaldTrump,18248,0
b'RT @Jim_Jordan: A 40 minute opening statement from a guy who overheard a phone call that was \xe2\x80\x9ca couple minutes.\xe2\x80\x9d\n\nTHIS is the Democrats\xe2\x80\x99 la\xe2\x80\xa6',2019-11-21 17:58:21,realDonaldTrump,31170,0
b'Iran has become so unstable that the regime has shut down their entire Internet System so that the Great Iranian pe\xe2\x80\xa6 https://t.co/I4vU4GBbP3',2019-11-21 17:54:25,realDonaldTrump,25019,84789
"b'Ken Starr, Former Independent Counsel: \xe2\x80\x9cDoes this reach the level of treason, bribery or other high crimes and misd\xe2\x80\xa6 https://t.co/q8Eq3y6IDs'",2019-11-21 15:18:31,realDonaldTrump,17605,64569
"b'I have been watching people making phone calls my entire life. My hearing is, and has been, great. Never have I bee\xe2\x80\xa6 https://t.co/VR26t3fTci'",2019-11-21 14:27:40,realDonaldTrump,24741,114933
b'Read the two Transcripts of Ukrainian calls!',2019-11-21 14:19:31,realDonaldTrump,14936,66930
"b'RT @realDonaldTrump: The Republican Party, and me, had a GREAT day yesterday with respect to the phony Impeachment Hoax, &amp; yet, when I got\xe2\x80\xa6'",2019-11-21 13:34:11,realDonaldTrump,27873,0
b'The Navy will NOT be taking away Warfighter and Navy Seal Eddie Gallagher\xe2\x80\x99s Trident Pin. This case was handled very\xe2\x80\xa6 https://t.co/bnsXBbbApf',2019-11-21 13:30:21,realDonaldTrump,23466,88939
b'\xe2\x80\x9cThe new House Resolution gives Adam Schiff (the most dishonest man in politics) the power unilaterally to release\xe2\x80\xa6 https://t.co/ecrEKSidQl',2019-11-21 13:16:48,realDonaldTrump,13627,46168
"b'Corrupt politician Adam Schiff\xe2\x80\x99s lies are growing by the day. Keep fighting tough, Republicans, you are dealing wit\xe2\x80\xa6 https://t.co/pApmJBCJtk'",2019-11-21 13:15:26,realDonaldTrump,19561,71204
"b'I never in my wildest dreams thought my name would in any way be associated with the ugly word, Impeachment! The ca\xe2\x80\xa6 https://t.co/dmAnTrffL1'",2019-11-21 13:08:33,realDonaldTrump,20514,88479
b'\xe2\x80\x9cFreed Taliban hostages arrive in Germany.\xe2\x80\x9d @foxandfriends  @FoxNews @OANN  We got them back!',2019-11-21 13:03:28,realDonaldTrump,11832,42784
"b'Bob Mueller, after spending two years and 45 million dollars, went over all of my financials, &amp; my taxes, and found\xe2\x80\xa6 https://t.co/o4PI9n5QCM'",2019-11-21 12:58:57,realDonaldTrump,17895,67766
"b'The Republican Party, and me, had a GREAT day yesterday with respect to the phony Impeachment Hoax, &amp; yet, when I g\xe2\x80\xa6 https://t.co/gQBg3cjfLJ'",2019-11-21 12:32:50,realDonaldTrump,27873,117810
"b'During my visit yesterday to Austin, Texas, for the startup of the new Mac Pro, &amp; the discussion of a new one $bill\xe2\x80\xa6 https://t.co/YB27KtIrRL'",2019-11-21 12:31:40,realDonaldTrump,12882,54830
"b'Why do @ShannonBream &amp; @FoxNews waste airtime on Democrat Rep. Eric Swalwell, who recently left the Presidential Pr\xe2\x80\xa6 https://t.co/plriOIZ2lE'",2019-11-21 12:26:31,realDonaldTrump,12517,49573
b'https://t.co/osezECwPO1',2019-11-21 02:47:50,realDonaldTrump,27777,73715
b'Poll: Trump leads top 2020 Democrats in Wisconsin https://t.co/P7z7Si8I0h.',2019-11-21 01:22:51,realDonaldTrump,15372,57951
b'RT @realDonaldTrump: Impeachment Witch Hunt is now OVER! Ambassador Sondland asks U.S. President (me): \xe2\x80\x9cWhat do you want from Ukraine? I ke\xe2\x80\xa6',2019-11-21 01:16:49,realDonaldTrump,25204,0
"b'RT @realDonaldTrump: ....\xe2\x80\x9dI WANT NOTHING! I WANT NOTHING! I WANT NO QUID PRO QUO! TELL PRESIDENT ZELENSKY TO DO THE RIGHT THING!\xe2\x80\x9d Later, Am\xe2\x80\xa6'",2019-11-21 01:16:47,realDonaldTrump,19752,0
"b'\xe2\x80\x9cAll four of Gordon Sondland\xe2\x80\x99s lawyers are Democrat Donors.\xe2\x80\x9d @TuckerCarlson  Despite this, big win today for Republicans!'",2019-11-21 01:11:46,realDonaldTrump,17678,66753
"b'Watch @TuckerCarlson, @seanhannity, @IngrahamAngle. Big News! @FoxNews'",2019-11-21 01:03:39,realDonaldTrump,10525,41553
b'https://t.co/ytr7dRvbUc https://t.co/G6lGfyxSUs',2019-11-21 00:49:39,realDonaldTrump,18506,69500
"b'If this were a prizefight, they\xe2\x80\x99d stop it!'",2019-11-20 23:38:10,realDonaldTrump,25080,125114
b'Today I opened a major Apple Manufacturing plant in Texas that will bring high paying jobs back to America. Today N\xe2\x80\xa6 https://t.co/IMdAKp9o8e',2019-11-20 23:18:50,realDonaldTrump,33456,134727
"b'RT @GOPLeader: With every question that @RepStefanik asks, Democrats\' sham impeachment gets weaker and weaker.\n\nQ: ""You testified, \'Preside\xe2\x80\xa6'",2019-11-20 20:14:13,realDonaldTrump,14288,0
b'RT @GOPoversight: President Obama gave Ukraine blankets. President Trump gave Ukraine missiles. https://t.co/6oebtm3hMf',2019-11-20 20:12:16,realDonaldTrump,9719,0
b'RT @Jim_Jordan: President Trump: \xe2\x80\x9cI want NOTHING. I want no quid pro quo. I want Zelensky to do what he ran on.\xe2\x80\x9d https://t.co/x9Y3cbz8Kw',2019-11-20 20:12:15,realDonaldTrump,18540,0
"b'RT @RepMarkMeadows: Wow.\n\n@RepMikeTurner: ""Mr. Sondland, let\'s be clear: no one on this planet\xe2\x80\x94not Donald Trump, Rudy Guiliani, Mick Mulvan\xe2\x80\xa6'",2019-11-20 20:11:58,realDonaldTrump,24918,0
"b'RT @RepMattGaetz: \xe2\x80\x9cAll I heard about the call, is that it was a good call.\xe2\x80\x9d #impeachmenthearing https://t.co/cRmM4c7IWN'",2019-11-20 19:25:18,realDonaldTrump,8865,0
b'RT @GOPLeader: .@Jim_Jordan calls it like it is:\n\nThe Ukrainians got a call from the President.\nThe Ukrainians got a meeting with the Presi\xe2\x80\xa6',2019-11-20 19:25:05,realDonaldTrump,18563,0
b'RT @RepAndyBiggsAZ: \xf0\x9f\x9a\xa8\xf0\x9f\x9a\xa8\xf0\x9f\x9a\xa8 STORY OF THE SONDLAND HEARING \xf0\x9f\x9a\xa8\xf0\x9f\x9a\xa8\xf0\x9f\x9a\xa8\n\nCourtesy of @RepMikeTurner \xe2\x9e\xa1\xef\xb8\x8f\n\nQ: No one else on this planet told you that Donal\xe2\x80\xa6',2019-11-20 19:25:03,realDonaldTrump,10485,0
b'I WANT NOTHING! https://t.co/KKUfwSIRAi',2019-11-20 19:04:30,realDonaldTrump,17307,63775
b'Impeachment Witch Hunt is now OVER! Ambassador Sondland asks U.S. President (me): \xe2\x80\x9cWhat do you want from Ukraine? I\xe2\x80\xa6 https://t.co/m2H5hHC4ok',2019-11-20 18:57:06,realDonaldTrump,25204,97819
b'RT @WhiteHouse: President @realDonaldTrump delivers a statement on the sham impeachment process: https://t.co/XBoUNfRV4a',2019-11-20 18:48:02,realDonaldTrump,14920,0
b'We join families of Kevin King &amp; Tim Weeks in celebrating their release from Taliban captivity. Thanks to President\xe2\x80\xa6 https://t.co/suyld231na',2019-11-20 18:45:36,realDonaldTrump,14363,53112
b'https://t.co/HbgEgZsPZ9',2019-11-20 18:03:40,realDonaldTrump,15526,51248
b'RT @RNCResearch: Sondland agrees the president never told him \xe2\x80\x9cany preconditions for anything\xe2\x80\x9d\nhttps://t.co/LUTtELrmZX https://t.co/6ebGGBb\xe2\x80\xa6',2019-11-20 18:02:18,realDonaldTrump,7595,0
"b'RT @BlazeTV: Sondland testifies he asked @realDonaldTrump, ""What do you want [from Ukraine]?""\n\nTrump reportedly responded: ""I want nothing,\xe2\x80\xa6'",2019-11-20 17:59:53,realDonaldTrump,15376,0
b'RT @SenateGOP: read the transcript. https://t.co/MKzkki4MFX',2019-11-20 17:46:13,realDonaldTrump,9589,0
b'RT @GOPLeader: Case closed \xe2\x87\xa8 Ambassador Sondland just testified under oath that he NEVER heard the president say there were conditions on a\xe2\x80\xa6',2019-11-20 17:26:21,realDonaldTrump,23815,0
b'RT @SteveScalise: \xf0\x9f\x9a\xa8 BREAKING \xe2\x86\x92 Ambassador Sondland: \xe2\x80\x9cI don\xe2\x80\x99t recall President Trump ever talking to me about any security assistance. Ever.\xe2\x80\xa6',2019-11-20 17:25:41,realDonaldTrump,12542,0
"b'RT @RepMarkMeadows: What this ""bombshell"" hearing is amounting to: \n\n- Another witness who never heard anything from the President\n\n- Reach\xe2\x80\xa6'",2019-11-20 17:25:25,realDonaldTrump,15160,0
b'RT @SteveScalise: Q: Did @realDonaldTrump ever tell you personally about any pre-conditions for anything?\n\nSondland: No.\n\nQ: Any pre-condit\xe2\x80\xa6',2019-11-20 17:25:04,realDonaldTrump,14411,0
b'Nancy Pelosi will go down as the least productive Speaker of the House in history. She is dominated by AOC Plus 3 a\xe2\x80\xa6 https://t.co/SXyUXqY4Qx',2019-11-20 13:29:26,realDonaldTrump,28429,110437
b'\xe2\x80\x9cWhite House Confidence Grows As Hearings Wear On.\xe2\x80\x9d @WashTimes  This is just an attempted takedown of the Republica\xe2\x80\xa6 https://t.co/QEPCCoVifo',2019-11-20 12:37:30,realDonaldTrump,16608,62610
b'The three year Hoax continues! https://t.co/Yht2KQb5aW',2019-11-20 12:27:55,realDonaldTrump,13595,47674
b'True. Great job @RepMikeTurner! https://t.co/T0AdyNLuVb',2019-11-20 12:24:48,realDonaldTrump,11375,36645
b'Read the transcripts! https://t.co/gQxYzjWehV',2019-11-20 12:22:48,realDonaldTrump,12412,44426
"b'RT @dcexaminer: Rep. @EliseStefanik: ""No Quid Pro Quo?""\n\nMorrison: ""Correct."" \n\n""No Bribery?""\n\n""Correct.""\n\n""No Extortion?""\n\n""Correct.""\n\nSte\xe2\x80\xa6'",2019-11-20 12:21:12,realDonaldTrump,12281,0
b'Thank you Tennessee! https://t.co/MYP1FaJhUx',2019-11-20 04:52:58,realDonaldTrump,16570,61953
"b'Congressman Van Drew (D-NJ): We\xe2\x80\x99ve spent millions of Dollars, in my opinion, tons of money, tons of time, tons of h\xe2\x80\xa6 https://t.co/cFwanfkSK2'",2019-11-20 02:25:19,realDonaldTrump,20311,82084
"b'RT @RepAndyBiggsAZ: .@RepRatcliffe shatters the myths created by the ""whistleblower"" \xe2\x9e\xa1\xef\xb8\x8f\n\n- no violation of law or executive order\n- no ment\xe2\x80\xa6'",2019-11-20 02:02:57,realDonaldTrump,13119,0
b'RT @Jim_Jordan: Q: In no way shape or form... did you receive any indication whatsoever that resembled a quid pro quo. Is that correct?\xe2\x80\x9d\n\nA\xe2\x80\xa6',2019-11-20 02:02:24,realDonaldTrump,20769,0
b'RT @GOPLeader: WATCH \xe2\x80\x94&gt; Amb. Volker just took apart Democrats\xe2\x80\x99 ENTIRE case. \n\n@RepMikeTurner: Did he ever say to you that he was not going\xe2\x80\xa6',2019-11-20 02:01:56,realDonaldTrump,18802,0
"b""RT @parscale: What we've learned today from the Democrats sham impeachment hearings:\n\n\xe2\x9d\x8cNO QUID PRO QUO\n\n\xe2\x9d\x8cNO BRIBERY\n\n\xe2\x9d\x8cNO EXTORTION\n\nIn shor\xe2\x80\xa6""",2019-11-20 01:50:53,realDonaldTrump,12970,0
"b'A great day for Republicans, a great day for our Country!'",2019-11-20 01:06:48,realDonaldTrump,29120,160502
"b'I agree, but in the end we will win and save our Country from certain destruction! https://t.co/CPjdxq5hXT'",2019-11-20 00:10:41,realDonaldTrump,22436,83223
b'RT @SenateGOP: It\xe2\x80\x99s time for Democrats to *do their job* and ratify #USMCAnow. https://t.co/G4lL6lP5EG',2019-11-19 23:57:52,realDonaldTrump,8298,0
b'RT @RepMarkMeadows: Chairman Schiff is clearly not getting the answers he wants from Volker and Morrison to close this hearing.\n\nBoth conti\xe2\x80\xa6',2019-11-19 23:32:55,realDonaldTrump,12287,0
"b'RT @RepMarkMeadows: So far today we have Vindman, who never met or spoke to POTUS, testifying of alarming ""demands"" in the 7/25 call\n\n3 wit\xe2\x80\xa6'",2019-11-19 23:32:52,realDonaldTrump,14399,0
"b'RT @RepJimBanks: Very bad day for @RepAdamSchiff, @SpeakerPelosi and Democrats. #ImpeachmentSham is crumbling. \n\nAnother witness just told\xe2\x80\xa6'",2019-11-19 23:32:17,realDonaldTrump,12742,0
"b'RT @SteveScalise: The Dems\' new ""bribery"" narrative is unraveling quickly.\n\nMore witnesses confirmed today that they were never asked to br\xe2\x80\xa6'",2019-11-19 23:32:14,realDonaldTrump,12940,0
b'https://t.co/z0I7wBsgTP',2019-11-19 19:49:00,realDonaldTrump,21139,69602
b'RT @MikeKellyPA: The facts are with @POTUS @realDonaldTrump. This charade has never been more than political theater and the American peopl\xe2\x80\xa6',2019-11-19 19:27:30,realDonaldTrump,13415,0
b'RT @RepMarkGreen: I will speak up for my constituents in Tennessee who have had enough of this impeachment charade and want Congress to act\xe2\x80\xa6',2019-11-19 19:27:18,realDonaldTrump,11110,0
"b""RT @RepDougCollins: The Founding Fathers warned against what Democrats are doing\xe2\x80\x94political impeachment simply because they don't like a pre\xe2\x80\xa6""",2019-11-19 19:27:16,realDonaldTrump,14170,0
"b'RT @WhiteHouse: Since the day President @realDonaldTrump took office, House Democrats have ignored working Americans to focus on their only\xe2\x80\xa6'",2019-11-19 19:01:35,realDonaldTrump,14444,0
b'RT @RepSmucker: What is crystal clear during these #ImpeachmentHearings are the FACTS ARE ON THE PRESIDENTS SIDE!\n\nNothing has changed. Not\xe2\x80\xa6',2019-11-19 18:47:43,realDonaldTrump,11932,0
"b'RT @RepLaMalfa: Following this week, there are only 2 remaining weeks Congress is scheduled to be in session this year.\n\nWhile @SpeakerPelo\xe2\x80\xa6'",2019-11-19 18:46:39,realDonaldTrump,8891,0
"b'RT @SteveScalise: Important reminder from @RepStefanik: The President sets U.S. foreign policy, not unelected staff. https://t.co/GjAETob5jm'",2019-11-19 18:46:07,realDonaldTrump,11783,0
"b'RT @RepJimBanks: .@RepRatcliffe nails it.\n\nDemocrats poll-tested, and they found that the crime of \xe2\x80\x9cbribery\xe2\x80\x9d alarms voters the most. The on\xe2\x80\xa6'",2019-11-19 18:45:27,realDonaldTrump,9082,0
"b'RT @RepRatcliffe: In the 3,500 pages of transcripts released so far, there was only one reference to bribery. Ironically to describe Vice P\xe2\x80\xa6'",2019-11-19 18:44:45,realDonaldTrump,15253,0
b'RT @Scavino45: \xf0\x9f\x9a\xa8#ICYMI: Lt. Col. Vindman was offered the position of Defense Minister for the Ukrainian Government THREE times! #Impeachmen\xe2\x80\xa6',2019-11-19 18:44:40,realDonaldTrump,8094,0
b'RT @GOPoversight: Schiff\xe2\x80\x99s sham impeachment is collapsing. https://t.co/HJpIOmGthm',2019-11-19 18:12:08,realDonaldTrump,8161,0
b'RT @GOPoversight: FACT CHECK: True. \n\n\xe2\x80\xa2 Republicans are on \xf0\x9f\x94\xa5\n\xe2\x80\xa2 Democrats can\xe2\x80\x99t hide the facts in their secret bunker anymore. \n\xe2\x80\xa2 The Presid\xe2\x80\xa6',2019-11-19 18:11:40,realDonaldTrump,6402,0
"b'RT @GOPoversight: \xf0\x9f\x93\xba WATCH: @RepChrisStewart lays out the facts:\n\n- President Trump made no ""demand"" of President Zelensky. \n- President Zel\xe2\x80\xa6'",2019-11-19 18:07:59,realDonaldTrump,7814,0
b'RT @Jim_Jordan: Lt. Col. Vindman says he doesn\xe2\x80\x99t know the \xe2\x80\x9cWhistleblower\xe2\x80\x99s\xe2\x80\x9d identity.\n\n@RepAdamSchiff claims he doesn\xe2\x80\x99t know the \xe2\x80\x9cWhistlebl\xe2\x80\xa6',2019-11-19 18:07:50,realDonaldTrump,26984,0
"b'RT @SteveScalise: Pelosi now claims this charade is all about ""bribery.""\n\n\nThe problem with that focus-group-tested narrative? No witness h\xe2\x80\xa6'",2019-11-19 18:07:30,realDonaldTrump,10090,0
b'RT @SteveScalise: \xf0\x9f\x9a\xa8\xf0\x9f\x9a\xa8 Schiff just shut down Ranking Member @DevinNunes to advise one of his star witnesses on how to answer a question about\xe2\x80\xa6',2019-11-19 18:07:04,realDonaldTrump,14442,0
"b'RT @RepLeeZeldin: If Adam Schiff &amp; LTC Vindman don\xe2\x80\x99t know who the \xe2\x80\x9cwhistleblower\xe2\x80\x9d is, how would they know that naming the one person LTC Vi\xe2\x80\xa6'",2019-11-19 18:06:35,realDonaldTrump,18425,0
"b'RT @RepMarkMeadows: I am struck by Schiff\'s attempt to characterize President Trump\'s conversation with President Zelensky as a ""demand."" I\xe2\x80\xa6'",2019-11-19 18:06:30,realDonaldTrump,6031,0
b'RT @RepMarkMeadows: We all have the transcript of the call Schiff is asking Vindman to describe for us. We can all read it because the Whit\xe2\x80\xa6',2019-11-19 18:06:26,realDonaldTrump,14162,0
"b'RT @RepAndyBiggsAZ: \xf0\x9f\x9a\xa8\xf0\x9f\x9a\xa8\xf0\x9f\x9a\xa8 NO PRESSURE ALERT \xf0\x9f\x9a\xa8\xf0\x9f\x9a\xa8\xf0\x9f\x9a\xa8\n\nConsistent with the statements from Ukrainian leaders, Vindman testifies that he did not hea\xe2\x80\xa6'",2019-11-19 18:06:17,realDonaldTrump,5624,0
"b""RT @RepAndyBiggsAZ: Democrats also conveniently gloss over fact that, under @realDonaldTrump's administration, Ukraine received lethal mili\xe2\x80\xa6""",2019-11-19 18:06:10,realDonaldTrump,4782,0
b'RT @GOPLeader: Remember \xe2\x86\x92 There is still no due process in these hearings.\n\xe2\x9d\x8c The President doesn\xe2\x80\x99t get to request witnesses.\n\xe2\x9d\x8c The Presiden\xe2\x80\xa6',2019-11-19 18:05:35,realDonaldTrump,9936,0
"b'RT @GOPLeader: These questions from @DevinNunes deserve answers:\n\n""What is the full extent of the Democrats\xe2\x80\x99 prior coordination with the Wh\xe2\x80\xa6'",2019-11-19 18:04:51,realDonaldTrump,9585,0
b'RT @RepMarkGreen: .@SpeakerPelosi and @RepAdamSchiff are trying to reverse a national election out of fear and hatred of something they don\xe2\x80\xa6',2019-11-19 18:04:45,realDonaldTrump,11058,0
b'https://t.co/HvYx12NUkS',2019-11-19 16:46:26,realDonaldTrump,26512,72604
b'NASDAQ UP 27% THIS YEAR ALONE!',2019-11-19 14:03:47,realDonaldTrump,20338,105674
"b'Nancy Pelosi just stated that \xe2\x80\x9cit is dangerous to let the voters decide Trump\xe2\x80\x99s fate.\xe2\x80\x9d @FoxNews  In other words, sh\xe2\x80\xa6 https://t.co/VCbR81xgCh'",2019-11-19 05:15:15,realDonaldTrump,43136,146234
b'The Do Nothing Democrats have disgraced our great Country! https://t.co/lcSs55Wo18',2019-11-19 03:41:50,realDonaldTrump,19163,65883
"b'RT @Jim_Jordan: In the 55 days that aid to Ukraine was delayed, President Zelensky had 5 calls and meetings with high-ranking American offi\xe2\x80\xa6'",2019-11-19 03:37:02,realDonaldTrump,16623,0
"b""RT @MarkMeadows: So much of the Democrats' impeachment effort has revolved around unelected bureaucrats airing their policy grievances with\xe2\x80\xa6""",2019-11-19 03:34:54,realDonaldTrump,17107,0
"b'At my meeting with Jay Powell this morning, I protested fact that our Fed Rate is set too high relative to the inte\xe2\x80\xa6 https://t.co/Rot4eN2onP'",2019-11-19 03:34:12,realDonaldTrump,18491,77293
b'Mark Levin speaking one week after I took office. This was always a planned COUP and the Radical Left Democrats wil\xe2\x80\xa6 https://t.co/LYcERRm8yS',2019-11-18 23:54:32,realDonaldTrump,25355,79129
b'GREAT NEWS! #MAGA #KAG https://t.co/GXDE2IlGGu',2019-11-18 21:28:30,realDonaldTrump,16151,61151
b'THANK YOU! #MAGA #KAG https://t.co/igO1r1cTHS',2019-11-18 20:56:13,realDonaldTrump,15277,63547
b'https://t.co/BKo27n6tmz',2019-11-18 19:45:16,realDonaldTrump,13015,42117
b'\xe2\x80\x9cCongressman Van Drew (D-NJ) SLAMS Democrats for \xe2\x80\x98fracturing the Nation\xe2\x80\x99 with Impeachment probe. \xe2\x80\x98We already know h\xe2\x80\xa6 https://t.co/O8HA366ITq',2019-11-18 16:06:19,realDonaldTrump,19096,71606
b'Just finished a very good &amp; cordial meeting at the White House with Jay Powell of the Federal Reserve. Everything w\xe2\x80\xa6 https://t.co/tHedonx5Lt',2019-11-18 16:01:42,realDonaldTrump,17524,75956
"b'Our Crazy, Do Nothing (where\xe2\x80\x99s USMCA, infrastructure, lower drug pricing &amp; much more?) Speaker of the House, Nervou\xe2\x80\xa6 https://t.co/WFQVQ4Frk9'",2019-11-18 13:52:22,realDonaldTrump,20546,74666
b'Never has the Republican Party been so united as it is now. 95% A.R. This is a great fraud being played out against\xe2\x80\xa6 https://t.co/KMD9WrN098',2019-11-18 12:29:38,realDonaldTrump,30223,129174
b'RT @SteveScalise: Schiff controls who testifies.\n\nSchiff controls how Republicans use our question time.\n\nSchiff controls what gets release\xe2\x80\xa6',2019-11-18 12:14:37,realDonaldTrump,23428,0
b'https://t.co/Mqj5tXaDAz',2019-11-18 04:38:28,realDonaldTrump,16454,46714
b'\xe2\x80\x9cAll they do is bring up witnesses who didn\xe2\x80\x99t witness anything.\xe2\x80\x9d @KatrinaPierson @SteveHiltonx  Nothing matters exc\xe2\x80\xa6 https://t.co/mOVG17IFDL',2019-11-18 03:39:38,realDonaldTrump,17603,67612
b'\xe2\x80\x9cThe Impeachment started before he even became President.\xe2\x80\x9d @greggutfeld  @FoxNews',2019-11-18 02:40:04,realDonaldTrump,19738,81654
b'https://t.co/1Rg66Tn4uP',2019-11-17 22:57:43,realDonaldTrump,17050,55212
b'https://t.co/D66PEkuX6d',2019-11-17 22:51:37,realDonaldTrump,12782,41300
b'Where is the Fake Whistleblower?',2019-11-17 20:12:27,realDonaldTrump,27506,132611
b'https://t.co/ru2n7i2gzu',2019-11-17 20:10:21,realDonaldTrump,10502,32785
"b'Republicans &amp; others must remember, the Ukrainian President and Foreign Minister both said that there was no pressu\xe2\x80\xa6 https://t.co/mFL4wwDR8b'",2019-11-17 20:08:08,realDonaldTrump,17461,66902
"b'The Crazed, Do Nothing Democrats are turning Impeachment into a routine partisan weapon. That is very bad for our C\xe2\x80\xa6 https://t.co/8imWgyrBin'",2019-11-17 20:03:44,realDonaldTrump,18532,74666
"b'Tell Jennifer Williams, whoever that is, to read BOTH transcripts of the presidential calls, &amp; see the just release\xe2\x80\xa6 https://t.co/z5Iwr6LSOp'",2019-11-17 19:57:12,realDonaldTrump,17636,69306
b'https://t.co/I3lO117SVh',2019-11-17 19:56:02,realDonaldTrump,9034,28735
b'Paul Krugman of @nytimes has been wrong about me from the very beginning. Anyone who has followed his \xe2\x80\x9cwords of wis\xe2\x80\xa6 https://t.co/vLB1qdYWz6',2019-11-17 19:49:47,realDonaldTrump,10590,39031
b'Schiff is a Corrupt Politician! https://t.co/DDBqlfIFLV',2019-11-17 19:47:32,realDonaldTrump,15435,48489
"b'.@SteveScalise blew the nasty &amp; obnoxious Chris Wallace (will never be his father, Mike!) away on Chris\xe2\x80\x99s lowest ra\xe2\x80\xa6 https://t.co/kIXKIiCBQd'",2019-11-17 19:30:09,realDonaldTrump,17083,62015
b'Thanks Eric! https://t.co/6Ai7bqto3P',2019-11-17 18:34:46,realDonaldTrump,11614,46260
b'RT @EricTrump: I hope no one who serves our country and volunteers to do the unthinkable is  ever treated like this again! Great job @realD\xe2\x80\xa6',2019-11-17 18:34:10,realDonaldTrump,23410,0
b'RT @EricTrump: Trump Washington D.C! @TrumpDC https://t.co/83Gu07l2cP',2019-11-17 18:33:34,realDonaldTrump,6378,0
b'https://t.co/nJBvFD1fGD',2019-11-17 18:10:59,realDonaldTrump,9063,28885
b'https://t.co/N6jsblFuMc',2019-11-17 18:10:19,realDonaldTrump,9030,28557
b'https://t.co/8bPq1Oy71z',2019-11-17 17:54:12,realDonaldTrump,8847,28412
b'Paul Krugman has called me wrong from day one. People at the Failing New York Times are very angry at him for havin\xe2\x80\xa6 https://t.co/qmCAmTpOko',2019-11-17 17:43:27,realDonaldTrump,10119,36453
b'https://t.co/Ypzhrlpgkz',2019-11-17 17:33:01,realDonaldTrump,8483,27262
b'RT @HouseGOP: Adam Schiff\xe2\x80\x99s track record:\n\xe2\x9c\x94\xef\xb8\x8f Spread false allegations about collusion\n\xe2\x9c\x94\xef\xb8\x8f Fabricated a call transcript during a congressiona\xe2\x80\xa6',2019-11-17 17:30:05,realDonaldTrump,15305,0
b'https://t.co/Ks1BN41CGf',2019-11-17 17:29:58,realDonaldTrump,9049,27353
b'RT @GOPLeader: This. This is the impeachment that Democrats have spent the last three years working on. \xe2\x86\x93\n \nHours of hearsay from handpicke\xe2\x80\xa6',2019-11-17 17:28:49,realDonaldTrump,12848,0
b'https://t.co/YvlBpfsiTa',2019-11-17 17:26:49,realDonaldTrump,13082,46381
b'https://t.co/z0I7wBsgTP',2019-11-17 17:26:10,realDonaldTrump,13132,43244
b'RT @RepDanCrenshaw: Coming soon...\n\nA new #HeresTheTruth with @RepGregWalden debunking Pelosi\xe2\x80\x99s drug pricing scheme. https://t.co/u9a8YBmb6o',2019-11-17 17:25:47,realDonaldTrump,4776,0
b'RT @realDonaldTrump: https://t.co/5Tbgwkpv4p',2019-11-17 17:12:47,realDonaldTrump,13410,0
b'RT @realDonaldTrump: https://t.co/65ERQ7YfUS',2019-11-17 17:12:45,realDonaldTrump,14585,0
b'RT @realDonaldTrump: https://t.co/YqJrGDPAOj',2019-11-17 17:12:43,realDonaldTrump,12864,0
"b'I agree Katrina, Pam Bondi is a great woman! https://t.co/NllcAz0bWB'",2019-11-17 17:12:14,realDonaldTrump,5236,24926
"b""RT @GOPoversight: \xf0\x9f\x93\xbaWATCH: Schiff's #impeachment sham is at it again. This time, he refuses to let @EliseStefanik speak (again). \n\nThis circ\xe2\x80\xa6""",2019-11-17 17:01:03,realDonaldTrump,5920,0
b'The Do Nothing Dems are now doing even less - and soooo much work to be done!',2019-11-17 16:56:41,realDonaldTrump,16184,76661
"b'Joe Ricketts, one of our Country\xe2\x80\x99s most successful businessmen, including being the owner of the Chicago Cubs, has\xe2\x80\xa6 https://t.co/AZU3tnBHvm'",2019-11-17 16:51:39,realDonaldTrump,8683,40424
b'A BIG difference! https://t.co/DFjge9s7fO',2019-11-17 16:38:34,realDonaldTrump,6718,25866
"b'Our great Farmers will recieve another major round of \xe2\x80\x9ccash,\xe2\x80\x9d compliments of China Tariffs, prior to Thanksgiving.\xe2\x80\xa6 https://t.co/whkNS2TsLY'",2019-11-17 16:08:11,realDonaldTrump,25072,102603
"b'.@MariaBartiromo has a GREAT show going on right now, 10:00 A.M. Fantastic guests talk about the Fake Impeachment!  @FoxNews'",2019-11-17 15:02:08,realDonaldTrump,7701,34278
"b'Mr. Chairman, Joe Biden may be Sleepy and Very Slow, but he is not a \xe2\x80\x9crabid dog.\xe2\x80\x9d He is actually somewhat better th\xe2\x80\xa6 https://t.co/0nVPyEFfgf'",2019-11-17 14:58:09,realDonaldTrump,13893,51411
"b'Dowd never understood the pulse of the Republican Party, present or past. He\xe2\x80\x99s just a 3rd rate hit job for Fake New\xe2\x80\xa6 https://t.co/OemGtFOWid'",2019-11-17 14:09:35,realDonaldTrump,9367,34646
b'RT @EliseStefanik: How many times can Adam Schiff say \xe2\x80\x9cthe Gentlewoman is NOT recognized\xe2\x80\x9d? He clearly has NO interest in letting Republican\xe2\x80\xa6',2019-11-17 13:52:24,realDonaldTrump,22840,0
b'A new Republican Star is born. Great going @EliseStefanik! https://t.co/9QH4oUa2eg',2019-11-17 13:51:39,realDonaldTrump,20301,80002
"b'RT @Liz_Wheeler: ""Do you have any info regarding the POTUS accepting any bribes?\n\nYovanovich: ""No.""\n\n""Do you have any info regarding any cr\xe2\x80\xa6'",2019-11-17 13:47:43,realDonaldTrump,12406,0
b'RT @GOPoversight: .@EliseStefanik is on \xf0\x9f\x94\xa5\n\n@RepAdamSchiff can do nothing but watch his #impeachment sham crumble. https://t.co/SeOfq3dB5c',2019-11-17 13:47:09,realDonaldTrump,14925,0
b'Thank you Pete. Our great warfighters must be allowed to fight. I would not have done this for Sgt. Bergdahl or Che\xe2\x80\xa6 https://t.co/bfn9C8I7WH',2019-11-17 13:43:09,realDonaldTrump,13952,51655
"b'RT @WhiteHouse: Ever since President @realDonaldTrump took action in the face of Congress\xe2\x80\x99 neglect, border apprehensions have plummeted by\xe2\x80\xa6'",2019-11-17 13:23:32,realDonaldTrump,10713,0
"b'RT @RepLeeZeldin: Just finished the depo of OMB staffer, Mark Sandy, in Schiff\xe2\x80\x99s Capitol basement bunker. He came in to testify about why t\xe2\x80\xa6'",2019-11-17 12:55:09,realDonaldTrump,19446,0
b'Visited a great family of a young man under major surgery at the amazing Walter Reed Medical Center. Those are trul\xe2\x80\xa6 https://t.co/LBL2DrBpCg',2019-11-17 05:09:17,realDonaldTrump,17977,90101
b'https://t.co/5Tbgwkpv4p',2019-11-17 03:11:35,realDonaldTrump,13410,45001
b'https://t.co/65ERQ7YfUS',2019-11-17 02:23:27,realDonaldTrump,14585,46208
b'https://t.co/YqJrGDPAOj',2019-11-17 02:22:20,realDonaldTrump,12864,41609
b'RT @realDonaldTrump: #NewHoaxSameSwamp https://t.co/GIg9R9Txe0',2019-11-17 01:06:30,realDonaldTrump,34388,0
b'True! https://t.co/ySWZMUnQfd',2019-11-16 18:48:46,realDonaldTrump,15114,51413
b'RT @LouDobbs: No Quid without a Quo: @KimStrassel on President @realDonaldTrump\xe2\x80\x99s vindication after Morrison\xe2\x80\x99s testimony. #AmericaFirst #MA\xe2\x80\xa6',2019-11-16 18:46:38,realDonaldTrump,7995,0
"b'RT @KimStrassel: Impeachment is meant to be a big deal, but Democrats and the media have accomplished the disturbing feat of turning it int\xe2\x80\xa6'",2019-11-16 18:44:38,realDonaldTrump,11005,0
b'Congratulations Kimberley. Great book! https://t.co/IFlMf1qIrb',2019-11-16 18:44:16,realDonaldTrump,8719,36390
b'RT @AriFleischer: The most important part of today\xe2\x80\x99s hearing was Amb. Yovanovitch\xe2\x80\x99s statement that she has no evidence that Trump received\xe2\x80\xa6',2019-11-16 18:42:56,realDonaldTrump,14811,0
b'RT @AriFleischer: The Qs the press asked Schiff at his post-hearing news conference were friendly.  The Qs the press asked to the Republica\xe2\x80\xa6',2019-11-16 18:42:21,realDonaldTrump,8415,0
"b'RT @realDonaldTrump: LOUISIANA, VOTE @EddieRispone TODAY! He will be a great governor!'",2019-11-16 18:39:17,realDonaldTrump,15337,0
"b'\xe2\x80\x9cI mean, come on. The Democrats are doing focus groups to try and figure out what words to use to move the needle.\xe2\x80\xa6 https://t.co/TiN02s4ykR'",2019-11-16 18:38:10,realDonaldTrump,19043,71988
"b'\xe2\x80\x9cTriggered,\xe2\x80\x9d a great book by my son, Don. Now number one on @NYTIMES LIST. Keep it there for a while!'",2019-11-16 17:57:51,realDonaldTrump,13130,66618
b'RT @realDonaldTrump: Good morning Louisiana! Polls are open at 7AM. Get out and VOTE for @EddieRispone to be your next Gov! He will get you\xe2\x80\xa6',2019-11-16 15:49:11,realDonaldTrump,18129,0
"b'\xe2\x80\x9cMy support for Donald Trump has never been greater than it is right now. It is paramountly obvious watching this,\xe2\x80\xa6 https://t.co/ds5t4N9fwp'",2019-11-16 15:38:34,realDonaldTrump,18230,73045
"b'Dow hits 28,000 - FIRST TIME EVER, HIGHEST EVER! Gee, Pelosi &amp; Schitt have a good idea, \xe2\x80\x9clets Impeach the President\xe2\x80\xa6 https://t.co/x8fuxDPsDd'",2019-11-16 15:18:27,realDonaldTrump,28933,119701
"b'RT @DanScavino: \xe2\x80\x9cArmy 1st Lt. Clint Lorance, one of two U.S. Army officers granted clemency Friday by POTUS Trump, was released from prison\xe2\x80\xa6'",2019-11-16 13:56:23,realDonaldTrump,22531,0
"b'LOUISIANA, VOTE @EddieRispone TODAY! He will be a great governor!'",2019-11-16 13:51:34,realDonaldTrump,15337,59170
b'Good morning Louisiana! Polls are open at 7AM. Get out and VOTE for @EddieRispone to be your next Gov! He will get\xe2\x80\xa6 https://t.co/MVmnupg5CY',2019-11-16 13:08:14,realDonaldTrump,18129,57468
"b'RT @thehill: AG Bill Barr: ""Immediately after President Trump won election, opponents inaugurated what they call \'The Resistance\' and they\xe2\x80\xa6'",2019-11-16 06:02:39,realDonaldTrump,24252,0
b'RT @marklevinshow: Attorney General Bill Barr slams the constant efforts to undermine the president in a speech to the Federalist Society\xe2\x80\xa6',2019-11-16 06:02:08,realDonaldTrump,17828,0
b'#NewHoaxSameSwamp https://t.co/GIg9R9Txe0',2019-11-16 02:39:50,realDonaldTrump,34388,91549
b'https://t.co/YvlBpfsiTa',2019-11-16 00:33:20,realDonaldTrump,35476,118005
b'THANK YOU! #MAGA #KAG https://t.co/Pcq7IbehVp',2019-11-16 00:16:42,realDonaldTrump,15968,61887
b'https://t.co/8h6ZmdGlPf https://t.co/shaijXMXli',2019-11-15 22:10:52,realDonaldTrump,18020,63749
"b'RT @RepLeeZeldin: History is going to be so MASSIVELY unkind towards Pelosi, Schiff and the rest of Congressional Democrats who continue su\xe2\x80\xa6'",2019-11-15 20:40:58,realDonaldTrump,18203,0
"b'RT @RepMarkMeadows: The Democrats second day impeachment witness, Ambassador Yovanovitch, has no information on any of the relevant questio\xe2\x80\xa6'",2019-11-15 20:40:03,realDonaldTrump,16787,0
b'RT @EliseStefanik: Obama\xe2\x80\x99s own State Dept. was so concerned about conflicts of interest from Hunter Biden\xe2\x80\x99s role at Burisma that they raise\xe2\x80\xa6',2019-11-15 20:39:40,realDonaldTrump,27361,0
"b'RT @EliseStefanik: The facts are clear, confirmed by our witness, Ambassador Yovanovitch: defensive lethal aid was provided to Ukraine not\xe2\x80\xa6'",2019-11-15 20:39:01,realDonaldTrump,20232,0
"b""RT @SteveScalise: The Dems' star witness was just asked on record if she had any information regarding @realDonaldTrump accepting any bribe\xe2\x80\xa6""",2019-11-15 20:27:08,realDonaldTrump,25088,0
"b'RT @GOPLeader: Before Chairman Adam Schiff gets a chance to make up another phone call between Presidents Trump and Zelensky, @DevinNunes j\xe2\x80\xa6'",2019-11-15 20:26:46,realDonaldTrump,20128,0
b'RT @Jim_Jordan: https://t.co/gjRFvN02xO',2019-11-15 20:26:22,realDonaldTrump,13873,0
b'RT @DanScavino: \xe2\x80\x9cUkrainian FM Vadym Prystaiko said on Thur that the U.S. Amb did not link financial military assistance to a request for Uk\xe2\x80\xa6',2019-11-15 20:25:30,realDonaldTrump,8505,0
"b'RT @Jim_Jordan: We now have both the April and July calls between President Trump and President Zelensky. Once again, no linkage of any kin\xe2\x80\xa6'",2019-11-15 19:17:50,realDonaldTrump,27888,0
"b'RT @RepMarkMeadows: Bravo from @RepChrisStewart, who just summarized this whole hearing:\n\nQ: ""Do you have any information regarding POTUS a\xe2\x80\xa6'",2019-11-15 19:16:29,realDonaldTrump,27814,0
"b'RT @Rep_Watkins: Democrats didn\xe2\x80\x99t like the outcome of the 2016 election, so now they\xe2\x80\x99re trying to impeach @realDonaldTrump \n\n#KS02 #ksleg h\xe2\x80\xa6'",2019-11-15 19:16:02,realDonaldTrump,10996,0
"b'RT @GOPLeader: .@RepStefanik: ""I just want to get it on record. In terms of defensive lethal aid, which you were an advocate for, that was\xe2\x80\xa6'",2019-11-15 19:15:48,realDonaldTrump,16984,0
b'RT @RepAndyBiggsAZ: .@RepDevinNunes is exactly right: former Ambassador Yovanovitch should not be a witness at an impeachment hearing where\xe2\x80\xa6',2019-11-15 19:15:18,realDonaldTrump,11064,0
b'RT @HouseGOP: Why is Chairman Schiff afraid of @RepStefanik?\n\nWhy doesn\xe2\x80\x99t he want Republican members to ask questions?\n\nWhy is he conductin\xe2\x80\xa6',2019-11-15 19:14:46,realDonaldTrump,11680,0
b'RT @CongressmanHice: Quick reminder \xe2\x86\x92 Ambassador Marie Yovanovitch is yet another person who wasn\xe2\x80\x99t present on the July 25th call \xe2\x80\x93 and tha\xe2\x80\xa6',2019-11-15 19:14:39,realDonaldTrump,8915,0
"b'RT @RepMarkMeadows: One thing to note:\n\nNotice how, so far, the Democrats have been peppering the witness with questions asking her to spec\xe2\x80\xa6'",2019-11-15 19:14:30,realDonaldTrump,14799,0
"b""RT @RepDLamborn: This witness has absolutely no relevant information. She can't bring any first-hand knowledge of the events and was recall\xe2\x80\xa6""",2019-11-15 19:14:24,realDonaldTrump,9404,0
"b'RT @RepSmucker: No matter how hard the media and the Democrats try to spin the hearings, these are the facts... #ImpeachingHearings #FactsM\xe2\x80\xa6'",2019-11-15 19:14:20,realDonaldTrump,7312,0
"b'So they now convict Roger Stone of lying and want to jail him for many years to come. Well, what about Crooked Hill\xe2\x80\xa6 https://t.co/JAMq1fjRVz'",2019-11-15 17:13:56,realDonaldTrump,47420,154787
"b'Stock Market up big. New and Historic Record. Job, jobs, jobs!'",2019-11-15 16:34:35,realDonaldTrump,21429,109642
b'We have vacancies in various departments because we do not want or need as many people as past administrations (and\xe2\x80\xa6 https://t.co/GsZxGrOGUP',2019-11-15 16:21:55,realDonaldTrump,21918,90115
b'https://t.co/XE7ofTy7Sf',2019-11-15 15:27:43,realDonaldTrump,13256,40885
b'https://t.co/0zTfpzHCNK',2019-11-15 15:18:03,realDonaldTrump,13984,41653
"b'Another Record Stock Market, 21 times this year, despite an ongoing, &amp; totally unfounded, Witch Hunt, &amp; a Democrat\xe2\x80\xa6 https://t.co/gRAV8W5o7k'",2019-11-15 15:17:45,realDonaldTrump,17840,73332
"b'Everywhere Marie Yovanovitch went turned bad. She started off in Somalia, how did that go? Then fast forward to Ukr\xe2\x80\xa6 https://t.co/N6KQO9jBWS'",2019-11-15 15:01:40,realDonaldTrump,32645,123511
b'The Impeachment Witch Hunt should be over with the statement made last night by the President and Foreign Minister\xe2\x80\xa6 https://t.co/sbNUyq1ghc',2019-11-15 13:48:50,realDonaldTrump,19922,74712
b'Democrats must apologize to USA: Ukrainian Foreign Minister Vadym Prystaiko said that \xe2\x80\x9cUnited States Ambassador Gor\xe2\x80\xa6 https://t.co/Y7eTx5RCfK',2019-11-15 04:52:16,realDonaldTrump,22644,81956
"b'This Saturday, the eyes of history are looking at the people of Louisiana. If you want to defend your values, your\xe2\x80\xa6 https://t.co/iArddZXufJ'",2019-11-15 03:53:17,realDonaldTrump,18372,66771
b'RT @DanScavino: https://t.co/tckvBQclps https://t.co/WKwdBxOkSb',2019-11-15 02:54:22,realDonaldTrump,10777,0
"b'RT @RepDougCollins: Great news for @GAPoultryFed, @chickencouncil, and poultry farmers across the country! Thank you @realDonaldTrump, @Sec\xe2\x80\xa6'",2019-11-15 02:53:49,realDonaldTrump,6675,0
"b'RT @Jim_Jordan: TODAY the Ukrainian Foreign Minister, Vadym Prystaiko, verified what we already knew:\n\n\xe2\x80\x9cI have never seen a direct relation\xe2\x80\xa6'",2019-11-15 02:52:38,realDonaldTrump,22987,0
b'RT @Jim_Jordan: Calls &amp; meetings:\n\n7/25\xe2\x80\x94Call between @POTUS and Zelensky\n7/26\xe2\x80\x94Volker &amp; Taylor meet Zelensky\n8/27\xe2\x80\x94John Bolton meets Zelensky\xe2\x80\xa6',2019-11-15 02:51:14,realDonaldTrump,20666,0
"b""RT @Scavino45: \xe2\x80\x9cAdam Schiff is wasting the nation's time with impeachment hearings\xe2\x80\x9d https://t.co/DsPD85HNtg""",2019-11-15 02:50:55,realDonaldTrump,12403,0
b'Getting ready to land in Louisiana to do Rally with Great Republican @EddieRispone for Governor. He will get your t\xe2\x80\xa6 https://t.co/WRsx8GlSdP',2019-11-15 00:28:02,realDonaldTrump,13520,60759
"b'We continue to monitor the terrible events at Saugus High School in Santa Clarita, California through our ongoing c\xe2\x80\xa6 https://t.co/EfzRdbOvkn'",2019-11-14 23:34:55,realDonaldTrump,10414,55381
b'Where\xe2\x80\x99s the Fake Whistleblower?',2019-11-14 15:39:25,realDonaldTrump,30555,153846
b'.@DanHenninger  WSJ: Nancy Pelosi had it right the first time when she did not want to go down the Impeachment path\xe2\x80\xa6 https://t.co/uI64avtp3L',2019-11-14 15:28:15,realDonaldTrump,13934,56069
b'\xe2\x80\x9cThat hearing was about a policy dispute.\xe2\x80\x9d Robert Ray. \xe2\x80\x9cRegular people watching this cannot conclude that the Presi\xe2\x80\xa6 https://t.co/2AI80BU3m8',2019-11-14 14:49:05,realDonaldTrump,12024,51225
b'\xe2\x80\x9cNeither one of the Democrat star witnesses at the Impeachment hearings could point out an impeachable offense. Tha\xe2\x80\xa6 https://t.co/jyyKeUkl4b',2019-11-14 14:37:52,realDonaldTrump,12583,49433
b'Walmart announces great numbers. No impact from Tariffs (which are contributing $Billions to our Treasury). Inflati\xe2\x80\xa6 https://t.co/QreDGszf2V',2019-11-14 14:32:35,realDonaldTrump,19137,85157
"b'Hit New Stock Market record again yesterday, the 20th time this year, with GREAT potential for the future. USA is w\xe2\x80\xa6 https://t.co/kidaZkYMUK'",2019-11-14 13:44:07,realDonaldTrump,21899,98340
"b'.@RepRatcliffe asked the two \xe2\x80\x9cstar\xe2\x80\x9d witnesses, \xe2\x80\x9cwhere is the impeachable event in that call?\xe2\x80\x9d Both stared straight\xe2\x80\xa6 https://t.co/PGv9NDBf6W'",2019-11-14 11:54:17,realDonaldTrump,24749,89430
b'RT @RepMarkMeadows: Brilliant job by my colleagues today on the Intel Committee. They clearly highlighted the gaping holes in the Democrats\xe2\x80\xa6',2019-11-14 11:41:12,realDonaldTrump,20643,0
b'RT @RepDougCollins: A live look into Ambassador Taylor\xe2\x80\x99s testimony in the Schiff impeachment proceedings \xe2\x86\x92 https://t.co/oiiUgkc8UG',2019-11-14 11:40:49,realDonaldTrump,21641,0
"b""RT @TeamTrump: President @realDonaldTrump: They\xe2\x80\x99re using television lawyers. I\xe2\x80\x99m not surprised to see it, Schiff can't ask his own question\xe2\x80\xa6""",2019-11-14 11:33:06,realDonaldTrump,8788,0
b'RT @WhiteHouse: President @realDonaldTrump gave an update on relations with Turkey at the top of his meeting with President Erdogan. https:\xe2\x80\xa6',2019-11-14 11:29:47,realDonaldTrump,6983,0
"b'RT @TeamTrump: President @realDonaldTrump on the Democrat\'s hearing while he was meeting with the leader of Turkey: ""I would much rather fo\xe2\x80\xa6'",2019-11-14 11:28:44,realDonaldTrump,9157,0
b'RT @JesseBWatters: This was a hearsay hearing. These witnesses have never met President @realdonaldtrump and they were not on the call. #Fo\xe2\x80\xa6',2019-11-14 11:27:52,realDonaldTrump,9449,0
"b""RT @WhiteHouse: President @realDonaldTrump on today's sham hearing: https://t.co/AqaO0JNbCI""",2019-11-14 11:27:38,realDonaldTrump,5599,0
"b'RT @JesseBWatters: IF The Ukrainian President was bribed by President @realdonaldtrump, He didn\xe2\x80\x99t know he was being bribed, he didn\xe2\x80\x99t say h\xe2\x80\xa6'",2019-11-14 11:26:55,realDonaldTrump,12271,0
b'RT @WhiteHouse: If House Democrats were as committed to helping Americans succeed under President @realDonaldTrump as they are to tearing h\xe2\x80\xa6',2019-11-14 11:25:20,realDonaldTrump,7998,0
"b'Wow! Was just told that my son\xe2\x80\x99s book, \xe2\x80\x9cTriggered,\xe2\x80\x9d is Number One on The New York Times Bestseller List. Congratulations Don!'",2019-11-14 03:47:12,realDonaldTrump,26899,164279
b'RT @Scavino45: After the call - Ambassador Taylor met with Ukrainian President Volodymyr Zelensky the VERY NEXT DAY!\n\nPresident Zelensky sa\xe2\x80\xa6',2019-11-14 03:39:06,realDonaldTrump,9500,0
b'RT @Jim_Jordan: Mr. Kent affirmed Ukraine has a long-standing history of corruption. \n\nAnd President Trump was deeply skeptical of this cor\xe2\x80\xa6',2019-11-14 03:38:51,realDonaldTrump,17959,0
b'RT @Jim_Jordan: https://t.co/zODJMgmP5F',2019-11-14 03:38:35,realDonaldTrump,13948,0
b'RT @Scavino45: Moments ago.... https://t.co/XI41TPSHEp https://t.co/u5xlrDRx8p',2019-11-14 03:38:13,realDonaldTrump,5842,0
b'RT @Scavino45: https://t.co/QqoztunZQk',2019-11-14 03:37:56,realDonaldTrump,7446,0
b'RT @Scavino45: #ImpeachmentSHAM #SchiffShow https://t.co/DrR2s6vtRc',2019-11-14 03:37:43,realDonaldTrump,4994,0
b'RT @Scavino45: WOW! SOOO SAD!! Shifty Schiff cuts off @EliseStefanik for wanting to enter the actual transcript of the July 25th call betwe\xe2\x80\xa6',2019-11-14 03:36:59,realDonaldTrump,10979,0
"b'RT @Jim_Jordan: Aid was delayed by just 55 days.\n\nDuring that time, we verified that President Zelensky was the real deal. https://t.co/TWJ\xe2\x80\xa6'",2019-11-14 03:36:50,realDonaldTrump,22328,0
b'RT @Scavino45: Great question by @RepRatcliffe. No answer given. #ImpeachmentSham https://t.co/OVMGQGfzwU',2019-11-14 03:36:05,realDonaldTrump,6863,0
b'RT @Scavino45: .@RepChrisStewart: \n\n\xe2\x80\x9cWelcome to year 4 of the ongoing Impeachment of President @realDonaldTrump...If your Impeachment case\xe2\x80\xa6',2019-11-14 03:35:56,realDonaldTrump,7263,0
b'RT @Scavino45: \xe2\x80\x9cWe\xe2\x80\x99ve got six people having four conversations in one sentence - and you just told me this is where you got your clear unde\xe2\x80\xa6',2019-11-14 03:35:43,realDonaldTrump,10262,0
b'RT @Scavino45: \xe2\x80\x9cThis was an abject failure for the Democrats and for Adam Schiff.\xe2\x80\x9d @EliseStefanik https://t.co/LhIa0Q8Mb8',2019-11-14 03:35:40,realDonaldTrump,9245,0
b'Thank you @FranklinGraham. It is a time of \xe2\x80\x9cshame\xe2\x80\x9d for our Country. The Democrats know what they are doing is wrong! https://t.co/O32ybh04vc',2019-11-14 03:32:36,realDonaldTrump,13925,54726
"b'RT @SteveScalise: ""What I can do here for you today is tell you what I heard from people.""\n\nThe Dems\' star witness just said he had no firs\xe2\x80\xa6'",2019-11-13 21:04:14,realDonaldTrump,18724,0
b'RT @RepMarkMeadows: Listen to @Jim_Jordan review the unbelievable amount of hearsay these allegations are based on. Spread it far and wide.\xe2\x80\xa6',2019-11-13 21:04:07,realDonaldTrump,26644,0
b'RT @GOPoversight: \xe2\x80\xa2 No first-hand knowledge.\n\xe2\x80\xa2 Never spoke to President Trump.\n\xe2\x80\xa2 Never spoke to Rudy Giuliani.\n\xe2\x80\xa2 Never spoke to Mick Mulvan\xe2\x80\xa6',2019-11-13 21:03:25,realDonaldTrump,11896,0
b'RT @GOPoversight: Days since @RepAdamSchiff learned the identity of the whistleblower: 93 https://t.co/lXmokHZ227',2019-11-13 21:03:14,realDonaldTrump,6032,0
b'RT @HouseGOP: It\xe2\x80\x99s NOT about the facts...\n\nIt\xe2\x80\x99s NOT about fairness...\n\nIt\xe2\x80\x99s NOT about finding the truth for the American people...\n\nFor Hou\xe2\x80\xa6',2019-11-13 21:03:10,realDonaldTrump,11804,0
b'RT @GOPoversight: \xf0\x9f\x93\xba WATCH: Democrats ask star witness about alleged quid pro quo. \n\nStar witness admits he has no first-hand knowledge of t\xe2\x80\xa6',2019-11-13 19:08:06,realDonaldTrump,11191,0
b'RT @Jim_Jordan: .@RepAdamSchiff is the ONLY member of Congress who knows the identity of the \xe2\x80\x9cWhistleblower\xe2\x80\x9d who started this entire sham.\xe2\x80\xa6',2019-11-13 19:08:00,realDonaldTrump,17176,0
b'RT @RepMattGaetz: Their star witness knows nothing. \n\n#ImpeachmentHearings @Jim_Jordan https://t.co/djTTLkvNZo',2019-11-13 19:07:16,realDonaldTrump,21453,0
"b""RT @GOPoversight: WATCH: @RepAdamSchiff changes the rules in the middle of his #impeachment hearing. \n\nWe're not surprised.\n\nSchiff's impea\xe2\x80\xa6""",2019-11-13 19:07:04,realDonaldTrump,10268,0
"b'RT @RepKevinBrady: Under @HouseGOP Majority, the @WaysandMeansGOP hearing room was used to improve the lives of Americans with things like\xe2\x80\xa6'",2019-11-13 19:06:55,realDonaldTrump,6018,0
"b'RT @RepArrington: Today, @HouseDemocrats hijacked our @WaysMeansCmte hearing room for their political impeachment circus.\n\nTheir obsession\xe2\x80\xa6'",2019-11-13 19:06:25,realDonaldTrump,9802,0
"b""RT @SteveScalise: Schiff has emerged from his bunker to put on a public show. But the facts haven't changed.\n \n- @realDonaldTrump and Zelen\xe2\x80\xa6""",2019-11-13 17:04:19,realDonaldTrump,14394,0
b'RT @SteveScalise: Meet the \xe2\x80\x9cstar witnesses\xe2\x80\x9d Adam Schiff called today:\n\n- Neither have any firsthand knowledge\n- Neither spoke to @realDonal\xe2\x80\xa6',2019-11-13 17:04:08,realDonaldTrump,25105,0
"b'RT @TomFitton: If Schiff doesn\'t know who the ""whistleblower"" is -- how can he protect his identity.  Cover-up!'",2019-11-13 17:02:41,realDonaldTrump,16926,0
"b'RT @RepLeeZeldin: Schiff isn\xe2\x80\x99t even trying to hide it. He is the prosecutor, judge, jury, witness coach &amp; lead story teller of this kangaro\xe2\x80\xa6'",2019-11-13 17:00:38,realDonaldTrump,19379,0
"b'RT @WhiteHouse: ""They\'re trying to stop me, because I\'m fighting for you. And I\'ll never let that happen."" \xe2\x80\x94 President @realDonaldTrump htt\xe2\x80\xa6'",2019-11-13 16:58:15,realDonaldTrump,31241,0
b'https://t.co/FJ8gMdh5bX',2019-11-13 16:50:37,realDonaldTrump,20227,60020
"b'RT @GOPLeader: .@Jim_Jordan to Chairman Schiff: ""Of the 435 members of Congress, you are the only Member who knows who the whistleblower is\xe2\x80\xa6'",2019-11-13 16:36:57,realDonaldTrump,14961,0
"b'RT @GOPLeader: WATCH: \n\n@DevinNunes: ""After vowing publicly that impeachment requires bipartisan support, Democrats are pushing impeachment\xe2\x80\xa6'",2019-11-13 16:36:49,realDonaldTrump,12665,0
"b""RT @HouseGOP: Adam Schiff just claimed he doesn't know the whistleblower's identity.\n\nHe deliberately mislead the public about his office's\xe2\x80\xa6""",2019-11-13 16:36:40,realDonaldTrump,12317,0
b'RT @GOPoversight: FACT CHECK: Neither Ambassador Taylor nor George Kent have first-hand knowledge of a quid pro quo from the President. \n\nW\xe2\x80\xa6',2019-11-13 16:36:34,realDonaldTrump,7160,0
"b'RT @RepMarkMeadows: Reminder: the Chairman was caught misleading a reporter about communication with the whistleblower, barely four weeks a\xe2\x80\xa6'",2019-11-13 16:36:28,realDonaldTrump,9946,0
"b""RT @GOPLeader: This \xf0\x9f\x91\x8f is \xf0\x9f\x91\x8f a \xf0\x9f\x91\x8f sham \xf0\x9f\x91\x8f\n\xe2\x86\x92 Democrats are refusing access to important witnesses.\n\xe2\x86\x92 The President's legal counsel is not allowe\xe2\x80\xa6""",2019-11-13 16:36:11,realDonaldTrump,10500,0
"b'RT @RepLizCheney: Just minutes after President Trump took his oath of office on Inauguration Day 2017, the Washington Post ran a piece ushe\xe2\x80\xa6'",2019-11-13 16:36:02,realDonaldTrump,9887,0
"b'RT @RepJimBanks: Today, America will see one party try and overturn the constitutional election of a president of the United States of Amer\xe2\x80\xa6'",2019-11-13 16:35:55,realDonaldTrump,6619,0
b'RT @RepMarkMeadows: 4 inconvenient facts for the Democrat impeachment fantasy:\n\n- Call transcript shows zero link between aid and political\xe2\x80\xa6',2019-11-13 16:35:41,realDonaldTrump,10553,0
"b""RT @GOPoversight: .@RepAdamSchiff's sham #impeachment hearings begin today. \n\nBut make no mistake, Democrats have been out to get the Presi\xe2\x80\xa6""",2019-11-13 16:35:27,realDonaldTrump,7943,0
b'RT @WhiteHouse: New hoax. Same swamp. https://t.co/6byw3BVxFR',2019-11-13 16:08:54,realDonaldTrump,12241,0
b'READ THE TRANSCRIPT!',2019-11-13 13:30:55,realDonaldTrump,23756,114312
b'NEVER TRUMPERS!',2019-11-13 13:30:31,realDonaldTrump,12815,66285
b'\xe2\x80\x9cNancy Pelosi cares more about power than she does about principle. She did not want to go down this road. She real\xe2\x80\xa6 https://t.co/TsEw7G2SiO',2019-11-13 13:18:05,realDonaldTrump,15837,60351
b'The Democrats have stacked the deck against President Trump and the Republicans. They have leaked out everything. @SteveDoocy @foxandfriends',2019-11-13 12:11:42,realDonaldTrump,12919,53401
"b'\xe2\x80\x9cMillions of Americans will see what a partisan sham this whole thing is.\xe2\x80\x9d Rush Limbaugh @foxandfriends  Also, why\xe2\x80\xa6 https://t.co/M291UJuFJv'",2019-11-13 12:03:03,realDonaldTrump,20907,83097
